{
  "action_stream": {
    "all_finite": true,
    "completion_step": 63,
    "degenerate": false,
    "dims": 7,
    "illustrative_target": {
      "dims": [
        2
      ],
      "high": [
        1.0
      ],
      "low": [
        0.5
      ],
      "persistence_steps": 3
    },
    "n_steps": 90,
    "per_dim_max": [
      0.9342000525266515,
      0.6196428736050923,
      0.8771533580387341,
      0.10351470787735548,
      0.14594957401939462,
      0.08942016564747862,
      1.0
    ],
    "per_dim_min": [
      -0.7157736841475262,
      -0.1340336086703282,
      -0.9338340336201237,
      -0.06120378190980238,
      -0.14586554257308737,
      -0.1681092447217773,
      -1.0
    ],
    "reached_window": true
  },
  "claim": "wiring de-risk only \u2014 state + action ingestion; NOT separation/calibration/deployable",
  "decision": {
    "hold": true,
    "step": 57
  },
  "geometry_stats": {
    "ee_target_distance_per_step": [
      0.43664822912038287,
      0.4363690663617107,
      0.4352188263655723,
      0.4340183544355156,
      0.4332420444662104,
      0.4325467322015351,
      0.43197505361301236,
      0.4316604768644709,
      0.4317657268893669,
      0.4316679460866085,
      0.4315661972666475,
      0.4317728415031135,
      0.43206621669867085,
      0.43235041490350196,
      0.43266848338927344,
      0.4319454878821269,
      0.42786008491419614,
      0.42122067332159535,
      0.4129352817173532,
      0.4058671321210423,
      0.3986676472699014,
      0.3894689569875218,
      0.3799472907236276,
      0.37092258372379244,
      0.3620741085616876,
      0.352509794878577,
      0.3431837900648096,
      0.33457970382962315,
      0.3264554837394135,
      0.3184308820362612,
      0.3083923230539379,
      0.29614060626878197,
      0.2825414945574361,
      0.269808753480373,
      0.2576387515760868,
      0.24528776797814633,
      0.2336141801732556,
      0.22209481270110576,
      0.2106912509717538,
      0.19955724141222225,
      0.1884378497453923,
      0.17846684889888254,
      0.16910561922170975,
      0.1596317665829981,
      0.14967132775224662,
      0.13990297903467688,
      0.13165139212386814,
      0.1250704243637396,
      0.12013939692011225,
      0.11710867618694375,
      0.11592836838224625,
      0.11644747262203689,
      0.11845331487921382,
      0.12181060471768448,
      0.12503813658403803,
      0.1277256621341538,
      0.1299952982306778,
      0.13130797662359464,
      0.1319399875934461,
      0.13206997034633386,
      0.13205106124077398,
      0.13165487057615796,
      0.13192514735672567,
      0.13248483214789317,
      0.13339287552892912,
      0.13409036369426988,
      0.13324161026418385,
      0.13290879808169764,
      0.13447750907305503,
      0.1370034106751598,
      0.14031779887821305,
      0.1439978688619508,
      0.1479068003163639,
      0.15075805631638053,
      0.1538113400798551,
      0.15545647980588806,
      0.15436979414791008,
      0.15211901636285258,
      0.1492366868569142,
      0.14460384011635444,
      0.13949363163715803,
      0.13372270222296753,
      0.12648494481745334,
      0.11898975165455078,
      0.11038703378941601,
      0.10241172992647103,
      0.0952701204225449,
      0.08763267657246708,
      0.07987963982505963,
      0.07190921362163263
    ],
    "grasp_ee_target_distances": [
      0.13130797662359464
    ],
    "grasp_transitions": 1,
    "min_ee_distractor_distance": 0.05250440441740015,
    "target_region": "plate_1",
    "target_resolvable": true
  },
  "git_commit": "25266b289a65c2ad21b4043bc51e1edab8b43629",
  "illustrative_tau": 0.5,
  "k": 90,
  "n_steps": 90,
  "per_step_scores": [
    {
      "value": 0.0,
      "window_end": 0
    },
    {
      "value": 0.24782218999609223,
      "window_end": 1
    },
    {
      "value": 0.19081410454515269,
      "window_end": 2
    },
    {
      "value": 0.18649120039856032,
      "window_end": 3
    },
    {
      "value": 0.19760612020701124,
      "window_end": 4
    },
    {
      "value": 0.20677351431196855,
      "window_end": 5
    },
    {
      "value": 0.2170889499389963,
      "window_end": 6
    },
    {
      "value": 0.2348134221898941,
      "window_end": 7
    },
    {
      "value": 0.25672490915231605,
      "window_end": 8
    },
    {
      "value": 0.2670040627015987,
      "window_end": 9
    },
    {
      "value": 0.2763982342738436,
      "window_end": 10
    },
    {
      "value": 0.291601500919399,
      "window_end": 11
    },
    {
      "value": 0.3087229080405257,
      "window_end": 12
    },
    {
      "value": 0.3309093523305985,
      "window_end": 13
    },
    {
      "value": 0.3527756272510041,
      "window_end": 14
    },
    {
      "value": 0.35045642206415006,
      "window_end": 15
    },
    {
      "value": 0.29362924194910744,
      "window_end": 16
    },
    {
      "value": 0.2362886175426051,
      "window_end": 17
    },
    {
      "value": 0.19691455964797533,
      "window_end": 18
    },
    {
      "value": 0.1803150926123533,
      "window_end": 19
    },
    {
      "value": 0.17114000092284976,
      "window_end": 20
    },
    {
      "value": 0.1571482074678911,
      "window_end": 21
    },
    {
      "value": 0.14599537256003547,
      "window_end": 22
    },
    {
      "value": 0.1395262979111474,
      "window_end": 23
    },
    {
      "value": 0.13426765958723236,
      "window_end": 24
    },
    {
      "value": 0.12634781856081428,
      "window_end": 25
    },
    {
      "value": 0.12039807770520344,
      "window_end": 26
    },
    {
      "value": 0.11648661534980315,
      "window_end": 27
    },
    {
      "value": 0.1134692591942344,
      "window_end": 28
    },
    {
      "value": 0.1103835003125836,
      "window_end": 29
    },
    {
      "value": 0.10299760790562906,
      "window_end": 30
    },
    {
      "value": 0.09238641178196821,
      "window_end": 31
    },
    {
      "value": 0.08123427113415826,
      "window_end": 32
    },
    {
      "value": 0.07176958659914595,
      "window_end": 33
    },
    {
      "value": 0.06325300024813613,
      "window_end": 34
    },
    {
      "value": 0.05433408701032866,
      "window_end": 35
    },
    {
      "value": 0.04606544043022953,
      "window_end": 36
    },
    {
      "value": 0.03897075647736353,
      "window_end": 37
    },
    {
      "value": 0.0323919357117991,
      "window_end": 38
    },
    {
      "value": 0.026257890447884624,
      "window_end": 39
    },
    {
      "value": 0.020865155384501177,
      "window_end": 40
    },
    {
      "value": 0.01591097235993222,
      "window_end": 41
    },
    {
      "value": 0.011548705740600462,
      "window_end": 42
    },
    {
      "value": 0.008061308947987011,
      "window_end": 43
    },
    {
      "value": 0.005266575081675662,
      "window_end": 44
    },
    {
      "value": 0.0030467018457758233,
      "window_end": 45
    },
    {
      "value": 0.0013322048256992347,
      "window_end": 46
    },
    {
      "value": 0.0003502767105831306,
      "window_end": 47
    },
    {
      "value": 2.92823626880101e-05,
      "window_end": 48
    },
    {
      "value": 0.000414377073952199,
      "window_end": 49
    },
    {
      "value": 0.0015185823026176437,
      "window_end": 50
    },
    {
      "value": 0.0031748575315367344,
      "window_end": 51
    },
    {
      "value": 0.00527111175468048,
      "window_end": 52
    },
    {
      "value": 0.007270136817808692,
      "window_end": 53
    },
    {
      "value": 0.008854318772099856,
      "window_end": 54
    },
    {
      "value": 0.010283664286317828,
      "window_end": 55
    },
    {
      "value": 0.011262443722662607,
      "window_end": 56
    },
    {
      "value": 1.0,
      "window_end": 57
    },
    {
      "value": 1.0,
      "window_end": 58
    },
    {
      "value": 1.0,
      "window_end": 59
    },
    {
      "value": 1.0,