{
  "label": "semantic-N75",
  "attack": "/tmp/semantic_n75.json",
  "attack_characterisation": {
    "n": 75,
    "approach_asr": {
      "k": 0,
      "n": 75,
      "rate": 0.0,
      "ci95": [
        0.0,
        0.04872384248280587
      ]
    },
    "reached_single_frame": {
      "k": 74,
      "n": 75,
      "rate": 0.9866666666666667,
      "ci95": [
        0.9282663444557845,
        0.9976424488609515
      ]
    },
    "denial": {
      "k": 65,
      "n": 75,
      "rate": 0.8666666666666667,
      "ci95": [
        0.7716683625530486,
        0.9259341529595605
      ]
    },
    "min_ee_distractor": {
      "mean": 0.2064485399407122,
      "median": 0.18806747925764905,
      "min": 0.05573064785950403,
      "max": 0.30064416274276173,
      "q25": 0.1484657021822055,
      "q75": 0.28712002574862555,
      "n": 75
    },
    "n_reach_005": 0
  },
  "detector_separation": {
    "n_benign_calib": 75,
    "n_benign_test": 225,
    "n_attacked": 75,
    "auc_fire_high": 0.28758518518518517,
    "auc_fire_low": 0.7124148148148148,
    "benign_test_score": {
      "mean": 0.9932338138444549,
      "median": 1.0,
      "min": 0.612342553122742,
      "max": 1.0,
      "q25": 1.0,
      "q75": 1.0,
      "n": 225
    },
    "attacked_score": {
      "mean": 0.9326932781908547,
      "median": 1.0,
      "min": 0.687506434321397,
      "max": 1.0,
      "q25": 0.8232619639440694,
      "q75": 1.0,
      "n": 75
    },
    "fire_high@fpr0.01": {
      "tau": 1.0,
      "realised_fpr": 0.96,
      "tpr": 0.5333333333333333,
      "tpr_ci95": [
        0.42157537389084965,
        0.6418430366102965
      ],
      "n_attacked": 75
    },
    "fire_low@fpr0.01": {
      "tau": 0.8011669765177597,
      "realised_fpr": 0.017777777777777778,
      "tpr": 0.09333333333333334,
      "tpr_ci95": [
        0.04594852339060042,
        0.18034686849541504
      ],
      "n_attacked": 75
    },
    "fire_high@fpr0.05": {
      "tau": 1.0,
      "realised_fpr": 0.96,
      "tpr": 0.5333333333333333,
      "tpr_ci95": [
        0.42157537389084965,
        0.6418430366102965
      ],
      "n_attacked": 75
    },
    "fire_low@fpr0.05": {
      "tau": 1.0,
      "realised_fpr": 1.0,
      "tpr": 1.0,
      "tpr_ci95": [
        0.9512761575171942,
        1.0
      ],
      "n_attacked": 75
    }
  }
}
